firstName,lastName
Austin,Davies
Liam,Springer
Tim,Duncan
Jessica,Davidson
Dominic,Hardacre
Audrey,Alsop
Blake,Abraham
Chloe,Hemmings
Julian,Sharp
Nicholas,Murray
David,Reid
Joseph,Wilkins
Ryan,Murray
Thomas,Grant
Trevor,Hughes
Stephen,McLean
Brian,Vaughan
John,Walsh
Zoe,Hardacre
Michael,Ogden
Jennifer,Oliver
Joanne,Howard
Rachel,Davidson
Felicity,Bailey
Justin,Butler
Rose,Black
Ryan,Mackay
Benjamin,Hardacre
Faith,Tucker
Megan,Lambert
Sarah,Rutherford
Lucas,Metcalfe
Dan,Blake
Paul,Buckland
Leah,Stewart
Brian,Hudson
Benjamin,Murray
Dylan,Kerr
Harry,Hardacre
Peter,Abraham
Virginia,Bell
Irene,Martin
Molly,Jones
Una,Walsh
Jack,Kelly
Steven,Gray
Warren,Bell
Connor,North
Audrey,Johnston
Austin,Reid
Rose,Campbell
Maria,Knox
Jessica,Roberts
Alison,Piper
Audrey,Anderson
Jonathan,Stewart
Kylie,Bailey
Thomas,McDonald
Benjamin,Jones
Emma,Bell
Jennifer,Johnston
Richard,Knox
Molly,Jackson
Jan,Mathis
Olivia,Wallace
Jan,Morgan
William,Parr
Blake,Duncan
Benjamin,Walsh
James,Wallace
Jasmine,Cameron
Sebastian,May
James,Payne
Steven,Walsh
Katherine,Payne
Una,Cameron
Anne,Grant
Peter,Reid
Justin,Gray
Angela,Gray
Dorothy,Vaughan
Yvonne,McDonald
Sam,Gibson
Sally,Fraser
Rachel,Dowd
Lily,Butler
Alexander,Randall
Harry,Dowd
Adam,Thomson
Bernadette,Reid
Paul,Newman
Leah,Springer
Dylan,Roberts
Isaac,Hudson
Fiona,MacDonald
Isaac,Dickens
Deirdre,Terry
Christopher,Scott
Carolyn,White
Chloe,Kelly
Joan,Thomson
Nicholas,Mackay
Ryan,Fisher
Sonia,Edmunds
Piers,Ross
Peter,Hamilton
Paul,Underwood
Harry,Ellison
Ava,Rutherford
Lisa,North
Cameron,Watson
Piers,Reid
Edward,McLean
Ruth,Rutherford
Brian,Berry
Alexandra,Scott
Justin,McLean
Emily,Metcalfe
Warren,Edmunds
Edward,Gill
Matt,Reid
Andrew,Clark
Phil,Langdon
Nicholas,Lambert
Amelia,McGrath
Joshua,Dickens
Elizabeth,Underwood
Tracey,Reid
Jessica,Young
Molly,Dickens
Blake,Buckland
Diane,Quinn
Joanne,Baker
Bella,Bond
Trevor,Martin
Amelia,Fisher
Melanie,Lambert
Lisa,Buckland
Eric,King
Brian,Young
Neil,Martin
Kylie,Vance
Dominic,Slater
Michael,Ferguson
Victoria,Jones
Benjamin,Watson
Michael,Taylor
Boris,Scott
Andrea,Jones
Dan,Avery
Jacob,Graham
Luke,Grant
Carolyn,Rampling
Dan,Dowd
Boris,Gibson
Leah,McDonald
Yvonne,Jackson
Edward,Turner
Wanda,MacDonald
David,Langdon
Carl,Hodges
Jason,Ferguson
Owen,Jones
Blake,Stewart
Evan,Alsop
Sebastian,Oliver
Emma,Simpson
Sonia,Short
Robert,Robertson
Alan,Ross
Chloe,Morrison
Anthony,Butler
Alison,Buckland
Melanie,Mathis
Gabrielle,Skinner
Anna,Welch
Theresa,Miller
Julia,MacDonald
Hannah,Bailey
Wanda,Wright
Joshua,Hughes
Karen,Langdon
Sarah,Roberts
Nicholas,Lewis
Gabrielle,Wallace
Edward,Hunter
Rose,Hunter
Abigail,Terry
Dominic,Springer
Piers,Knox
Samantha,Brown
Sarah,Mackenzie
Alexander,Bower
Brian,Jackson
Alison,Gibson
Maria,MacLeod
Christopher,Hudson
Virginia,Davidson
Grace,Wilkins
Julian,Coleman
Virginia,Stewart
Madeleine,Simpson
Grace,Reid
Yvonne,Harris
Frank,Brown
Amelia,MacDonald
Theresa,Reid
Ian,Campbell
Simon,Churchill
Lily,Thomson
Donna,Turner
Grace,Baker
Brian,Baker
Chloe,Skinner
Max,Martin
Simon,Ball
Theresa,Kerr
Sally,Clarkson
Oliver,Clarkson
Sean,Clark
Bernadette,Martin
Benjamin,Sanderson
Gabrielle,McDonald
Trevor,Butler
Ryan,Gill
Edward,Chapman
Trevor,Wright
Megan,Jones
Gordon,Pullman
Julia,Ogden
Liam,Scott
Jonathan,Manning
Rose,Rutherford
Trevor,Peters
Sally,Forsyth
Olivia,Henderson
Sophie,Buckland
Ruth,Randall
Evan,Lawrence
Stewart,Wright
Madeleine,Duncan
Wendy,Morrison
Dan,Scott
Chloe,Powell
Bella,Young
Ian,Cameron
Hannah,James
Joe,Ellison
Jason,Harris
Harry,Allan
Stephen,Watson
Wanda,Brown
Sonia,Arnold
Eric,Wallace
Andrew,Powell
Wanda,MacLeod
Deirdre,Abraham
Julian,Watson
John,Vance
Adrian,Grant
Alexandra,Parr
Lucas,Allan
Jason,Davidson
Angela,Bond
Alexander,Parr
Megan,Taylor
Jason,Jones
Brian,Terry
Phil,Pullman
Abigail,Fraser
Brandon,Rutherford
Abigail,Pullman
Sean,Sutherland
Deirdre,Burgess
Faith,Buckland
Eric,Powell
Paul,Simpson
Christian,Grant
John,Fisher
Sophie,Ferguson
Sam,Piper
Lily,Hughes
Dorothy,Blake
Bernadette,Jones
Justin,Vaughan
Joshua,Short
Fiona,Kelly
Claire,Vance
Trevor,Hill
Jennifer,Glover
Lucas,James
Keith,Springer
Gabrielle,Russell
Hannah,Edmunds
Jan,Walsh
Leonard,Bond
Jake,Miller
Edward,Sharp
Emma,Morgan
Anna,Parr
Felicity,McDonald
Rachel,Allan
Ruth,Mitchell
Abigail,Mills
Dorothy,Duncan
Virginia,Terry
Jessica,Cameron
Joseph,Roberts
Bernadette,Carr
Nicholas,Greene
Jake,Thomson
Fiona,Graham
Natalie,Parr
Amy,Rees
Sarah,Tucker
Emily,Slater
Katherine,Short
Sean,Kelly
Penelope,Marshall
Alexander,Mathis
Pippa,Knox
Maria,Morrison
Dominic,Rutherford
Bella,Short
Matt,Payne
Steven,Graham
Victor,Walker
Irene,Quinn
Neil,Nash
Joe,Abraham
Faith,Chapman
Heather,Johnston
Peter,Coleman
Carol,Watson
Rachel,Piper
Diane,Ross
Liam,Hart
Olivia,Hughes
Mary,Dyer
Michelle,Mills
Liam,Manning
Abigail,Chapman
Molly,Cornish
Eric,Mitchell
Phil,Hamilton
Gabrielle,Morgan
Julian,Rees
Diane,Bond
Wanda,Hamilton
Gordon,Piper
Melanie,Stewart
Ruth,Morgan
Emily,Howard
Michael,Ince
Jasmine,Kerr
Lily,Vance
Andrea,Welch
David,Chapman
Julian,Wright
Sean,Fraser
Kimberly,Terry
Ruth,Terry
Jason,Ince
Vanessa,Skinner
David,Davies
Emma,Black
Joshua,Robertson
Evan,Murray
Angela,Clarkson
Owen,Miller
Theresa,Thomson
Leah,Tucker
Phil,Edmunds
Victor,Wilkins
Hannah,Fraser
Oliver,Lyman
Heather,Payne
William,Quinn
Simon,Simpson
Abigail,Lee
Max,Howard
Dominic,Poole
Faith,MacDonald
Claire,Ball
Boris,Lee
Max,Fraser
Sean,Russell
Carolyn,Jones
Rose,James
Wanda,Rees
Sue,Sanderson
Jason,Tucker
Virginia,Rutherford
Natalie,Hart
Melanie,Hart
Carolyn,Ellison
Frank,Russell
Connor,Springer
Amanda,Henderson
Elizabeth,Gill